district,screen_name,text,created_at ,status_id,user_id
hobbs_nm,Cpt_Martinez,You have gotta be the dumbest Bitch I knowü§¶üèª‚Äç‚ôÇÔ∏è and I hardly ever call a girl bitch but you are one so ya.,12/8/17 17:27,9.39E+17,528283889
hobbs_nm,SchnaubertM,"@petehudson101 Man he needs his ass kicked! No respect, he‚Äôs one of the worst that reports FAKE NEWS",12/12/17 18:31,9.41E+17,8.76E+17
hobbs_nm,MayraWestAf,Nolen is about to give me a heart attack man he will not let me finish this exam I'm gonna have a mental breakdown üò©,12/13/17 1:00,9.41E+17,607689813
hobbs_nm,Ramy529,Catch me dropping out and selling drugs just to pay for twitter #NetNeutrality,12/14/17 19:28,9.41E+17,632490862
hobbs_nm,RicardoNino2,G Eazy fucking murdered his album. Don‚Äôt @ me. I don‚Äôt wanna hear it,12/15/17 7:06,9.42E+17,377200953
hobbs_nm,ReginaldDerrett,"Tupac Murder Weapon Was Found, Current Location a Mystery via @TMZ https://t.co/cfhpHwQ47m https://t.co/GpSJEqiEW8",12/15/17 15:11,9.42E+17,7.06E+17
hobbs_nm,_AnnaMarie_11,I literally thought I was going to die yesterday from how awful I felt,12/15/17 18:19,9.42E+17,1173383594
hobbs_nm,krqe_headlines,Student in Hobbs High School shooting hoax may face charges https://t.co/hJuCNaeGbR,12/19/17 13:02,9.43E+17,23103045
hobbs_nm,ABQJournal,Student in Hobbs High School shooting hoax may face charges https://t.co/RxkrPiyRaG https://t.co/IK5YCXgbBI,12/19/17 16:22,9.43E+17,14385076
hobbs_nm,TLNAlbuquerque,Student in Hobbs High School shooting hoax may face charges https://t.co/SbBhxaLoTP,12/19/17 16:41,9.43E+17,4363148734
hobbs_nm,ABQJournal,Student in Hobbs High School shooting hoax may face charges https://t.co/x2LaW1SkRq https://t.co/3Do0CDfgwf,12/19/17 16:51,9.43E+17,14385076
hobbs_nm,chimerakim,Student in Hobbs High School shooting hoax may face charges https://t.co/5HqEbuE9P4 #abq via @abqjournal,12/19/17 17:08,9.43E+17,44175232
hobbs_nm,KUNMnews,"Student In Hobbs High School Shooting Hoax May Face Charges, Pam Grier To Appear At NM Film Fest https://t.co/sUyUK1myho",12/19/17 17:04,9.43E+17,28838793
hobbs_nm,BIGDADDY197569,Please support my GoFundMe campaign: https://t.co/K4uR1ksjEw @gofundme please help me in my grandma https://t.co/L1XcWBhZRV,12/19/17 17:17,9.43E+17,120627867
hobbs_nm,ABQJournal,Student in Hobbs High School shooting hoax may face charges https://t.co/YIAN4Hl8YT https://t.co/JZS9aAstc6,12/19/17 19:47,9.43E+17,14385076
hobbs_nm,goddessofnap,@poppyhoweII i‚Äôm going to call the police,12/20/17 17:53,9.44E+17,2861251964
hobbs_nm,Karennnn_15,@ThatGuyCaleb_ I‚Äôm calling the police,12/21/17 2:19,9.44E+17,1499020418
hobbs_nm,tyrarenae_,Hobbs is toxic,12/21/17 14:52,9.44E+17,3058675496
hobbs_nm,PennjrJr,They be like franko when you make it I want so and so but where were you when I was shooting in the gym?,12/29/17 18:57,9.47E+17,780342084
hobbs_nm,HobbsPolice,"MEDIA RELEASE

January 8, 2018

*****Update to Shooting on December 27, 2017******
 On January 7, 2018 Detectives... https://t.co/XiY41888BO",1/8/18 22:56,9.51E+17,72683950
hobbs_nm,WGXAnews,Rosa Taylor Elementary holds meeting for parents after student brings loaded gun to school https://t.co/vmQ9pwCECn,1/12/18 2:48,9.52E+17,1511639706
hobbs_nm,kattt98_,"okay period I get it I‚Äôm not pregnant, can you please go away now üò≠üò≠",1/12/18 4:54,9.52E+17,157202436
hobbs_nm,ChipChilders33,When I was in 4th grade I told my teacher if she didn‚Äôt let me go to playday that I‚Äôd kill her. So I got sent to the office and got spanked,1/12/18 21:00,9.52E+17,7.97E+17
hobbs_nm,ChipChilders33,Lordy if people hate America so much then do us all a favor and leave or stop bitchin ü§¶üèº‚Äç‚ôÄÔ∏èü§¶üèº‚Äç‚ôÄÔ∏èü§¶üèº‚Äç‚ôÄÔ∏è,1/13/18 16:34,9.52E+17,7.97E+17
hobbs_nm,robbyrobtt,"@_bryceflores Tellm about that bomb a** taco truck, he‚Äôs gonna Need a good meal for the sadness",1/18/18 15:42,9.54E+17,510789227
hobbs_nm,svhernandez,Jefferson Elementary School no longer on lockdown. Officers are notifying neighbors of the change in situation.,1/18/18 21:00,9.54E+17,55434814
hobbs_nm,svhernandez,Jefferson Elementary School no longer on lockdown. Officers are notifying neighbors of the change in situation.,1/18/18 20:56,9.54E+17,55434814
hobbs_nm,WBAY,The situation on Shea Ave. in Green Bay has ended and the Jefferson Elementary lock down is lifted: https://t.co/VCdxS9Fpi7,1/18/18 21:07,9.54E+17,25371684
hobbs_nm,svhernandez,Jefferson Elementary School no longer on lockdown. Officers are notifying neighbors of the change in situation.,1/18/18 21:00,9.54E+17,55434814
hobbs_nm,svhernandez,Jefferson Elementary School no longer on lockdown. Officers are notifying neighbors of the change in situation.,1/18/18 20:56,9.54E+17,55434814
hobbs_nm,JoplinNewsFirst,"(64801) ‚Äî Public is not in danger. The Jefferson Elementary School is not on lockdown. 

This is a routine... https://t.co/GT0nOTCUY0",1/19/18 21:20,9.54E+17,8.28E+17
hobbs_nm,MikeNitzel,The Kentucky school shooting is now the 12th story on the @CNN website. #NewNormal,1/24/18 6:10,9.56E+17,389872342
hobbs_nm,Kimberly69_,"Tru love never dies , but it can kill you",1/27/18 2:10,9.57E+17,626973377
hobbs_nm,Kiiirsten_C,I cut my leg so bad in the shower tonight and it looked like someone got murdered in there üòÇ,1/28/18 1:56,9.57E+17,478066647
hobbs_nm,Destiiny03,@samuel_lozano3 Shooting,1/28/18 3:13,9.57E+17,4618456514
hobbs_nm,KaylaAnaleigh,Lotus Flower Bomb will forever be my favorite,2/12/18 5:26,9.63E+17,2890885039
hobbs_nm,jeffrey_poe,@JRuiz2444 Kobe raped a girl ü§∑üèª‚Äç‚ôÇÔ∏èü§ß,2/21/18 5:14,9.66E+17,463354590
hobbs_nm,erich_davis,La Cueva High School students demand changes to gun laws https://t.co/95e9gVdp7q #abq via @abqjournal,2/21/18 21:07,9.66E+17,423191030
hobbs_nm,Isabel_Ramirezx,This whole school shooting threat is ridiculous.,2/23/18 16:38,9.67E+17,1447900681
hobbs_nm,Ron02069115,"@CarleyShimkus @DICKS 99% of the population being directed by 1% , if they can go to war .. they should be able to go to the gun store ..",3/2/18 0:17,9.69E+17,7.79E+17
hobbs_nm,KSBY,"Police standoff prompts lockdown of Taylor Elementary School in #SantaMaria
https://t.co/z67zWoUMwp",3/2/18 19:00,9.70E+17,25183700
hobbs_nm,Taylorl1219,Dukes gonna kill them,3/10/18 2:36,9.72E+17,342262494
hobbs_nm,beast94,Hope l don't feel like l have to murder a nigga witness it but never act like u heard of a nigga Grrrr..,3/16/18 20:39,9.75E+17,49459448
hobbs_nm,leacountydems1,Austin bomb suspect blows self up during police confrontation https://t.co/wPXM6Mz9IM via @nbcnews,3/21/18 10:42,9.76E+17,3148943426
hobbs_nm,jesmtlsd,"We‚Äôre getting some plants ready for the garden! (Winter, please go away). Thank you to the JES PTA for helping us plant this week! #leboproud of these gardeners @LetsMovePGH https://t.co/vR01GgKaUq",3/21/18 22:17,9.77E+17,3417487011
hobbs_nm,dollie_bri,Trying not to have a mental breakdown atmüòÖ,3/22/18 4:36,9.77E+17,8.55E+17
hobbs_nm,teehattt,@hotandhumid definitely! I‚Äôm terrified of the first time something big does but also tired of paying my landlords mortgage haha,3/23/18 12:10,9.77E+17,363916796
hobbs_nm,cyberputa,Also bring a gun with you and shoot me,3/26/18 0:36,9.78E+17,4324826241
hobbs_nm,KaylaDe96026109,I do not want to sing again cause their is a lot of shooting going on right by my house https://t.co/SjmRZaXLvd,3/27/18 7:16,9.79E+17,9.09E+17
hobbs_nm,chaoscomic,"@SketchieGames @LouisUtcfp @OliverMcGee @RyanAFournier Jan. 10
Coronado Elementary, Sierra Vista, Ariz.
Student committed suicide in bathroom. No other injuries.  A very tragic event but again not a school shooting",3/28/18 14:51,9.79E+17,34097243
hobbs_nm,wobm,"Unknown males reportedly threaten to ""shoot up"" Clark Mills School in Manalapan: Manalapan Police are investigating social media threats made against Clark Mills Elementary School over the last week. Continue reading‚Ä¶ https://t.co/96Zc1fgbrD https://t.co/TG6l2z28NZ",3/29/18 11:25,9.79E+17,29407355
hobbs_nm,JRuiz2444,@jahernandez0218 @jeffrey_poe We just got a sniper dub without you. You‚Äôre the weakest link,3/30/18 23:02,9.80E+17,608855108
hobbs_nm,catalinaarios,Y‚Äôall ever bend so stress you have a mental breakdown at school lmao fuck,4/6/18 15:36,9.82E+17,8.81E+17
hobbs_nm,T_Mulherin,"Another bomb, this one three runs. Mr. Kendrys Morales, oppo. Hamels not looking good at all right now",4/8/18 19:15,9.83E+17,888074652
hobbs_nm,S_manthaaa,I just made some BOMB grilled chicken üòãüòã,4/10/18 3:44,9.84E+17,2788253149
hobbs_nm,SMichelleH,My cat is so sweet and amazing.... until she gets possessed by Hades and actually tries to murder me.üôÉ,4/14/18 4:34,9.85E+17,7.53E+17
hobbs_nm,SMichelleH,"Correction.... my cat is actually Keres, the goddess of violent death. She may actually murder me one day but she‚Äôs just so gosh darn cute.ü§∑üèº‚Äç‚ôÄÔ∏è",4/14/18 4:37,9.85E+17,7.53E+17
hobbs_nm,JPrincePhysed,@RArmstrongPE @JoeMcCarthy09 @MrRoosPE @SchleiderJustin @MikeMorrisPE @minnesotalynx That‚Äôs awesome Joe! I‚Äôm down for that shooting challenge.,4/15/18 3:07,9.85E+17,513606285
hobbs_nm,yungmasedgod,all i saw was y‚Äôall talking some mad shit about giannis and y‚Äôall didn‚Äôt tell me he dropped 35/13/7 on 50+% shooting,4/15/18 22:25,9.86E+17,2259700440
hobbs_nm,Calm_RoseIII,@wavyjok @Your_Apocolypse Jaiden I swear on my life I‚Äôll spank you if leak anything else,4/17/18 17:33,9.86E+17,626102229
hobbs_nm,DaddyRodge_,"Man, I remember throwing some of the wildest parties in HS. Two of them I blacked out and the other two got busted by the cops. All four times my mom came home within the next couple days and laid down the law..",4/21/18 16:21,9.88E+17,377696171
hobbs_nm,dayygo100,"Sniper gang rah, rah!",4/26/18 0:35,9.89E+17,9.76E+17
hobbs_nm,fwt1776,@KayaJones No ones ever been able to coherently explain how the systematic killing of an unborn human child ( known as abortion) is ‚Äúhealth care‚Äù. PPH is facilitating brutal mass murder. Period.,5/8/18 4:04,9.94E+17,7.88E+17
hobbs_nm,serverunicorn,@BrittneyNKelly I have always liked crime documentaries! I've been watching When Murder Calls here recently. I suggest giving it a watch.,5/9/18 1:42,9.94E+17,145160242
flagler_fl,SheriffRicStaly,Lethal doses of heroin are circulating in Flagler County. Don't become a victim of an overdose. Turn in the heroin to the Sheriff's Office no questions asked. Send tips to TIPS@flaglersheriff.com or call Crime Stoppers. https://t.co/aV9TO4KP0m,5/10/18 0:16,9.94E+17,3528633316
flagler_fl,Lucy18879177,@ronnikun UR GONNA KILL ME WITH THESE HORRID PUNS!! HOLY SHIIIIIIIIT!!,5/12/18 14:14,9.95E+17,9.92E+17
flagler_fl,vja3000,"1st, let's give recognition to @TheDemocrats for their help in raising the kind of young person that will do such things as shoot inside a school without any moral concerns. 2nd, let's strip @TheDemocrats of being able to do this going forward. Problem solved...",5/18/18 21:12,9.98E+17,8.34E+17
hobbs_nm,carlyrenee15,@_alyssaelenaaa I don‚Äôt remember anything üò© I was so mad at you I just wanted to kill you lmao,5/20/18 3:24,9.98E+17,2818319449
hobbs_nm,geraldbryant536,"@RWPUSA @JoyAnnReid Go climb back we‚Äôre you came from, worry about your own state. Banning guns will not stop anything, they will find something else to use. People are so ignorant he was making bombs to.",5/20/18 4:16,9.98E+17,8.74E+17
hobbs_nm,dessgar_,these last few days at school are gonna kill me before i get out üò©,5/21/18 20:42,9.99E+17,3008773998
flagler_fl,PatrioticChic,"@illpoetic @NYDailyNews If you only heard those types of comments about school shooter Cruz-you need to find better sources for info. Or maybe it‚Äôs your own bias, clouding your views. In this case as well as school shootings- the perpetrator(s) are Evil, Lawless Criminals",5/22/18 17:17,9.99E+17,3089894385
flagler_fl,ShaunECarter,"Another school shooting. Praying for Indiana. 
üò°üò°üò°",5/25/18 14:33,1.00E+18,282654186
hobbs_nm,ScottLeeCupp,ANOTHER school shooting. What is this timeline coming to?  Monitoring gun sales is nor enough when OWNERS ARE IRRESPONSIBLE!!!,5/25/18 21:05,1.00E+18,4917571170
flagler_fl,antiquetrucker,"Once again, the topic of responsible gun ownership raises it's head. How does a middle school student get hold of two handguns?.... Gun control starts at home!!!",5/26/18 5:11,1.00E+18,414070513
flagler_fl,AliyahRenee_,Wow I forgot to put on deodorant (this is becoming very commonü§∑üèæ‚Äç‚ôÄÔ∏èü§£) and out of curiosity I smelled my pits to see if I‚Äôve been killing ppl all day and there was NO smell. Like at all. I‚Äôm blaming this on completely cutting meat out of my diet. I never use to be like this.,6/2/18 23:24,1.00E+18,326559235
flagler_fl,SOSA_CB_,@Jamario44 @kris_nation @champagnedel @rahooIigan @Jforest__ Nahhh if I pass the ball to you with 2-4 seconds left and you have to chuck the shot up if it goes in it‚Äôs good for me because I get the assist but I set you up for failure to boost my stat https://t.co/WMgf068Usc,6/3/18 5:05,1.00E+18,545540710
hobbs_nm,Dansoffthewall,"At the end of the day tho, all I ever did was be there for her when absolutely no one else wanted to be. And I still get pushed to the side like I‚Äôm nothing. Karma remembers shit like that.",6/10/18 16:00,1.01E+18,378927988
flagler_fl,bosstime2009,@Kerry2021 @mitchellvii I didn't know he was raped!,6/11/18 2:52,1.01E+18,38052090
katy_tx,Pinche_Whiteboy,"I‚Äôve kept quiet about everything regarding Adam. I left his band to focus on myself more. 
At one point, I didn‚Äôt hit him up for 2 weeks. That was my fault. At the same time, 2 of my friends were threatening to kill themselves.",7/29/19 22:34,1.16E+18,1.09E+18
katy_tx,valkyries_queen,I shouldn‚Äôt have changed my layout I‚Äôm gonna kill myself,7/28/19 7:35,1.16E+18,9.44E+17
katy_tx,valkyries_queen,@MCU_Direct If I see one more comment calling Valkyrie a lesbian I‚Äôm going to KILL ALL OF YOU. MY GIRL IS BISEXUAL AND IF YOU DONT SHUT UP RN,7/22/19 7:04,1.15E+18,9.44E+17
katy_tx,valkyries_queen,my dad is so racist I‚Äôm gonna kill my self,7/28/19 0:33,1.16E+18,9.44E+17
katy_tx,valkyries_queen,I‚Äôm gonna kill my dad,7/28/19 0:33,1.16E+18,9.44E+17
katy_tx,valkyries_queen,nick if you dont fall in love with jess again im gonna kill you,7/29/19 23:31,1.16E+18,9.44E+17
katy_tx,kayahnuh,"I‚Äôm mad at the whole city of Dallas and anybody from there, cuz w Texas being the most lenient state on Gun Laws......y‚Äôall did y‚Äôall thing once w JFK (shouldn‚Äôt have tho, he was fine) BUT CANT DO IT W TRUMP?",7/14/19 20:14,1.15E+18,1219604017
katy_tx,slaguerre3,"this math in elementary class is about to kill me this summer, but I‚Äôm determined to pass it with a B ‚ÄºÔ∏è",7/7/19 21:23,1.15E+18,1.03E+18
katy_tx,shreyagupta_,@pringledahiya I‚Äôm gonna kill u,7/18/19 16:39,1.15E+18,3013706588
katy_tx,vlad6benz,@KevinC01509039 Most definitely I gotta lose some weight or this heat is gonna kill me! Lol!! Alaska was over 90 degrees yesterday broke all records,7/5/19 19:35,1.15E+18,46534261
katy_tx,Riverdeboz,"@Jerblaine Notice how he loses it when a woman laughs. 

Proof yet again. A man is afraid that women will laugh at him. 

A woman is afraid a man will kill her. 

This guy can‚Äôt contain his hatred of women because he can‚Äôt get laid. Therefore all women are bitches and need to STFU. #scary",7/11/19 2:02,1.15E+18,22789257
katy_tx,jasmine_thelove,@RachaelCooke13 @HomeFriedCaniac @MrsCruise1 @UnplannedMovie @LilaGraceRose @LiveAction As long as there is an exception for rape and women at risk I agree.,7/12/19 18:19,1.15E+18,7.60E+17
katy_tx,chris11fisher,@Henry_Pwono @B_Reeves04 You ain‚Äôt know when he was gonna shoot huh üòÇ,7/24/19 10:54,1.15E+18,273046054
katy_tx,thecIutchcity,This dude really gonna kill himself over twitter,7/23/19 18:05,1.15E+18,1.11E+18
katy_tx,BlackTexanJesus,@Sommervillejr @Tatherley Imma have to ask you to respectfully delete this post. Or imma call the cops,7/7/19 20:05,1.15E+18,4371482774
katy_tx,easybreezy2001,"if you have a gun in your house (home) for protection why on earth would you lock it up? i personally want my gun(s) ready and available at a moments notice, otherwise why have a gun at all. https://t.co/ea5SP2VVTU",7/6/19 14:28,1.15E+18,250207658
katy_tx,drunkodin,"@emrazz Proof? @emrazz raped me, she forced herself onto me, ran her hand up my leg. Cuped my dong. I tried to get away, i tried to fight back. But she forced herself into me...butt. You all should fucking care",7/5/19 12:33,1.15E+18,8.68E+17
katy_tx,drunkodin,@KEEMSTAR @peta Cats fine stop bitching. How many heathly animals does @peta murder each week,7/19/19 23:48,1.15E+18,8.68E+17
katy_tx,BrettAshburn,"I just found out that the man murdered in this article was a long time friend who had fallen on hard times. Rest in peace Micheal Haney, a.k.a. ‚ÄúSpike‚Äù. You may be gone but not forgotten https://t.co/TiBAJlscMY",7/6/19 16:38,1.15E+18,8.28E+17
katy_tx,_MattGuerra,@WWE @WWERomanReigns Attempted murder,7/31/19 11:09,1.16E+18,8.91E+17
katy_tx,JellyJam_24,"He screamed at me about how they were documented and legal and I really wanted to scream back but I didn‚Äôt üòî sure, they were ‚Äúdocumented‚Äù after they came over here and murdered people for their land, set up a town and started life. But poor families trying to come to America",7/5/19 6:38,1.15E+18,2584362138
katy_tx,IvetteRios2_26,@chellegabe01 @melleah06 I know! He is coming for Fezco and he's gonna have to kill him! Ay! I hope Rue doesn't go back to drugs.,7/30/19 21:04,1.16E+18,467112681
katy_tx,ComradeDarren1,The death penalty does have a place here in America. But you brown jihadists need to shut up &amp; die like your jihadist friends did. America needs to be more fearful of Goat fucking terrorist loving race baiting communist racists like Omar. https://t.co/nCvcZHKMJR,7/26/19 13:19,1.15E+18,1.02E+18
katy_tx,ChaseBurnett8,@CedReed_DE @Tamara_Mariaa @DaChosen1___ Dylan roof also complied with police when they found him (Even though personally I thought they should‚Äôve put a bullet in roof),8/1/19 12:31,1.16E+18,1573389650
katy_tx,erin_mck_ohara,@GonzalezMicah bro all i did was threaten to kill you????,7/22/19 21:42,1.15E+18,8.44E+17
katy_tx,kyotoamatsukami,i‚Äôm gonna kill myself,7/25/19 2:00,1.15E+18,7.71E+17
katy_tx,killak2104,Fuck this school district. Fuck poor shaming. How damn hard is it just to be a decent human?? https://t.co/xUrDC2kHo4,7/24/19 23:13,1.15E+18,78816504
katy_tx,CoachAllred1,"She had the nerve to ignore me completely and TRIED to walk away from me... SOOOOO, of course, I left everything and followed her into the parking lot as I was calling the police (because of course somebody's about to go to jail... not sure who at this point though, her or me).",7/4/19 19:43,1.15E+18,7.65E+17
katy_tx,EasyOperator,@gethoht @SBANYPD Are you going to shoot it out of your vagina?,7/25/19 22:44,1.15E+18,1.05E+18
katy_tx,Past2Present,Happy Fourth of July. https://t.co/9XwCo6SUf9,7/4/19 13:36,1.15E+18,9.90E+17
katy_tx,ohwell_janell,"anybody who wore MAGA hats yesterday, I hope a firework shot up your a** because even that pain doesn‚Äôt even slightly describe how the innocent people in the camps feel.",7/6/19 3:23,1.15E+18,852973974
katy_tx,_Kyle7,I read 1st day of school and my vibe was shot https://t.co/GvGVrkpOze,7/29/19 3:50,1.16E+18,2733311334
katy_tx,KingHusamE,@anarchist_black @IamJacism @D4MURE They set her up to get raped apparently,7/24/19 2:23,1.15E+18,509500724
katy_tx,SheeshCP,Man old heads at the gym the WORST! Boys quick to throw an elbow but let you say something or foul back and they goin start a riot. This shit be killing me and if you‚Äôve ever hooped w me you know I‚Äôm annoying AS FUCK on the court. https://t.co/aPqZ8gVyRc,7/22/19 14:28,1.15E+18,1.04E+18
katy_tx,ashlei_nicole__,"nobody: 

when a minor inconvenience hits and causes me to spiral into a mental breakdown that I later on realize was dramatic: https://t.co/Ps3sHOJJZV",8/1/19 7:10,1.16E+18,3011699288
katy_tx,DPyfferoen,@LogSchell @thehill Watching bombs and pounding Labatt Blue beers to our hearts content. I‚Äôm in!,7/15/19 22:58,1.15E+18,3309792548
katy_tx,currently_vexed,"poem #4:
(Fuckity, fuck, fuck)

GUESS WHO GETS
NO FUCKING RIGHTS
MY DAD THAT'S WHO
I'M GONNA START A FIGHT 

THIS FUCKING MAN 
IS ON MY NERVES
I'M GOING TO DIE 
AND NOBODY CARES

ALL I WANT 
IS SOME FUCKING SLEEP
BUT I'M KEPT 
FROM COUNTING SOME FUCKING SHEEP",7/8/19 18:45,1.15E+18,1.02E+18
katy_tx,poison_ivey1998,FUU WHO IS ABOUT TO BE RAPED (NOT LITERALLY) BY THE AKATSUKI CALLED KAKUZU HER FUCKING SENPAI BITCH WTF HE TRYNA TAKE YOUR TAILED BEAST AND KILL YOU! FUCKING DUMBASS BITCH!,7/31/19 1:13,1.16E+18,3744104180
katy_tx,estefaniaday,touch my daughter and I stg I‚Äôll put you in jail where you‚Äôll be raped in your ass üò§ https://t.co/lzRR00RohY,7/26/19 22:58,1.15E+18,1.07E+18
katy_tx,Dom22_1,‚ÄúHope I didn‚Äôt just kill him...‚Äù it‚Äôs never just been about one race üíî https://t.co/bFe86FhRom,8/1/19 9:28,1.16E+18,2341006628
katy_tx,Lewis_Nathann,That mf gon kill YOU https://t.co/80DRa6yWN2,7/21/19 4:35,1.15E+18,161466376
katy_tx,spacecity4life,@TheJ_Miles The ‚ÄúHe‚Äôs got a Gun‚Äù Vol. 1‚Äôs .. blood drops on canvas extra $50.,7/4/19 20:30,1.15E+18,9.66E+17
katy_tx,_ericuhh_,"@reklawykS_riS Right? They threatened to tow me from my own spot lol 

The thing is I‚Äôm such a ‚Äúit‚Äôs no big deal‚Äù type that if they never threatened me I probably wouldn‚Äôt have towed them considering they maybe just needed a spot and I don‚Äôt use it constantly lol",7/21/19 18:14,1.15E+18,2350523311
katy_tx,IkeBrownFAMU,"@K_Teeney ‚ÄúHope this indecent proposal make ya do something with me‚Äù
Boy he was wild. Was my favorite rapper until he raped.",7/27/19 8:02,1.16E+18,1553640037
katy_tx,Kingnickrusso,The Rockets are gonna shoot way more shots this coming year.,7/12/19 0:47,1.15E+18,156116115
katy_tx,TheFenixxer,@SGJaY0 @djoats02 https://t.co/qj8d7KBu8Z,7/18/19 20:06,1.15E+18,3220721814
katy_tx,TheFenixxer,"@FOX26Houston Remember kids, when you‚Äôre running from the shooter and you feel a strong hit on your backpack just drop on the floor while looking at the floor and don‚Äôt move.",7/26/19 23:57,1.15E+18,3220721814
katy_tx,Houston_53,"@LenaSpringer It‚Äôs not about guns, it‚Äôs about people. Could have been a car/truck mowing folks down... Could have been a bomb... Could have been a machete.",7/30/19 1:20,1.16E+18,15514875
katy_tx,attackablee,@Eclyypse weirdo you stalking me?,7/26/19 18:27,1.15E+18,4290129866
katy_tx,DatBoiDrew_12,@gabyyrodz @malalunafest @JuiceWorlddd @trippieredd Put a bullet in yo Afro awwwwh!,7/15/19 17:17,1.15E+18,323369552
katy_tx,msksq,"I will take your baby! And I won't say your name, we can keep it 100% quiet, and people will know we adopted from a loving individual that wanted a great home for their baby! 

Being arrested for neglect of a 4... https://t.co/aZ9Cy5gY4O",7/27/19 1:00,1.15E+18,42621136
katy_tx,katy77539,@emicrystal @TheJusticeDept When raped it's a different ball game or incest for that matter.,7/26/19 5:18,1.15E+18,8.97E+17
katy_tx,_suheyyyy,Bruh he fucken mena mugged my cousin yesterday! I would tell him to bring me another drink and I saw when he looked at him like who tf is this dude. So I was quick to say that‚Äôs my other cousin you don‚Äôt know him. Oh yeah I‚Äôve only seen hi around,7/10/19 5:31,1.15E+18,453445382
katy_tx,avtistrv,i‚Äôm gonna shoot myself today is the day and i hate hwy 6,7/18/19 19:44,1.15E+18,8.44E+17
katy_tx,kswood43,@KPRC2 She doesn‚Äôt want to get murdered.,7/12/19 3:12,1.15E+18,192282690
katy_tx,its_briannahyo,"I‚Äôm tired of school, shoot me pls",7/30/19 16:42,1.16E+18,490477901
katy_tx,MattyG361,@Jeramie_Marek @StevenGuajardo @barstoolsports @Starting9 @KrisGuerrero_ Red Exo got me some bombs. Last AB ever bombskie at @whataburger field,7/9/19 2:28,1.15E+18,259066637
katy_tx,kaylapbaker,if anyone has some deep evil revenge plot to kill me/get me killed then PLEASE HURRY UP WITH IT ALREADY,7/20/19 0:59,1.15E+18,2877358477
katy_tx,tory_brett,"@queersing You literally sicken me. I don‚Äôt care what you identify as.. I don‚Äôt have to agree with it. However, if you dislike this country so much that you feel the need to burn the flag, then JUST LEAVE. Like seriously.. GO. I applaud your maturity level... not. üôÑ #ProudToBeAnAmerican",7/6/19 15:46,1.15E+18,420856670
katy_tx,DuckyHeller,"Never heard of this shooting, wild 20+ years later and it's still this big of a problem that incidents like this just get forgotten in time https://t.co/rPXPD5elMv",7/28/19 21:30,1.16E+18,4351098252
katy_tx,EmilyKimmich,This level in Spyro is gonna kill me,7/4/19 1:15,1.15E+18,359121820
danville_va,LPDJNICK,Fuck THE POLICE,8/31/19 4:35,1.17E+18,74650529
danville_va,CashWRLD,Count your days https://t.co/4zrvwDSlcu,9/10/19 21:37,1.17E+18,251659615
seminole_fl,Niothera,"damn it feels so unsafe at the portables in my school, trigonometry teacher just told us to duck and get the hell out of the campus if a lockdown occurs",8/13/19 20:02,1.16E+18,8.98E+17
danville_va,LBL_Ceedy,I used to be so hurt like fuck this schoolüòÇüòÇüòÇ https://t.co/Dzau1naDAu,9/7/19 12:04,1.17E+18,9.01E+17
danville_va,ChuckVipperman,"@SarahLynn2390 @BetoORourke It's not murder if I am defending myself.

Your move, toots.",8/31/19 23:26,1.17E+18,345702074
danville_va,ChuckVipperman,@joepdore @BetoORourke It's not murder if I am defending my property.,9/13/19 2:13,1.17E+18,345702074
seminole_fl,alyssa_mcvicker,i don‚Äôt want to ride my bus anymore and i have a whole mental breakdown about it and i took a shower listening to introducing me by nick jonas and now i‚Äôm here,8/13/19 0:43,1.16E+18,7.16E+17
seminole_fl,Dannyjimmerado,@Samsora_ I‚Äôm calling the police,8/18/19 23:14,1.16E+18,556484563
seminole_fl,leah_beah3,"Brandon: I‚Äôm going to shoot myself. In the platonic way

Me: as opposed to what? The romantic way? 

Brandon: METAPHORICAL",8/21/19 0:40,1.16E+18,1.11E+18
fairfield_oh,HawkeyeBrooke,@SykesCharlie I‚Äôm going to assume he‚Äôs a criminal there to intimidate people and call the police.,9/24/19 14:34,1.18E+18,182403730
fairfield_oh,HawkeyeBrooke,"Someone call the police. I was all in thinking it was a fruit pizza, but there is CHEESE on this. ü§¢ https://t.co/IZsYr6pQs9",9/22/19 20:25,1.18E+18,182403730
seminole_fl,Shannonlovespet,"The Guy in Winter Park,Fl who put a bunch of threats about shooting up Walmart. A loser some white nazi or something stupid. Lived two houses down from me! Cops went in and got a bunch of guns in house outta jail do they have to wait for him to do something?!",8/19/19 22:52,1.16E+18,419884378
danville_va,JMAL4LIFE,"These are facts‚Äº‚Äº‚Äº

 everytime @Sharkcity_Ave touch the stage,  he either 30 a nigga or it's a classic. It's time to take you out the best puncher talk and put you in the best at this shit conversation‚Äº https://t.co/wWb6YWAvZk",9/18/19 19:38,1.17E+18,506149789
danville_va,hey_ebie,"I'm pretty sure one can overdose on vitamin c, but it's a risk I'm willing to take. 

The back-to-school cold is the absolute worst. And let's face it, kids and proper disinfectant habits is a lost art, ESPECIALLY with their phones... https://t.co/rhcp7rdhyq",9/5/19 3:01,1.17E+18,17316061
fairfield_oh,MarkVSlaughter,"Aaaaaaaaand so much for that, I guess the Reds are going to shoot and share it, imagine that",9/24/19 23:24,1.18E+18,324039905
seminole_fl,gabylovesonic,@wildside7801 Oh okay I looked and there was an assault nearby the park I lived around 9Pm ummm.... yeah I‚Äôm scared,8/20/19 5:46,1.16E+18,1.01E+18
seminole_fl,gabylovesonic,@Izuki67545946 I looked at the news and I saw nearby there was an assault so idk if they were searching for a man but it went on for an hour but I fell asleep eventually,8/20/19 13:08,1.16E+18,1.01E+18
fairfield_oh,EdCarroll51,Willing to pay upwards to several chickens (some dead some alive) for this dog. https://t.co/6EobxbHU70,9/26/19 15:18,1.18E+18,972635358
danville_va,HonxhoD,@zayzway @rapgirlsroom Well if we being honest she murdered nicki on hot girl ü§∑üèΩ‚Äç‚ôÇÔ∏è,9/1/19 15:42,1.17E+18,1.01E+18
danville_va,HonxhoD,@tequila_titi Lmfaoo ion get cheated on cause ion give niggas the time of day honey let me kno wen you got niggas saying they gon kill they self if youn take them back my pussy been up https://t.co/kTvDhOd6YX,9/25/19 17:22,1.18E+18,1.01E+18
fairfield_oh,hirisk76,@LeBatardShow I'd be in jail/sued for sexual assault or beat up constantly,9/13/19 16:33,1.17E+18,57979655
danville_va,gizelariverad,wow i wanna kill them. wtf https://t.co/yE19uuGNUr,9/24/19 14:46,1.18E+18,1.07E+18
seminole_fl,jagesteban,I‚Äôm talking about not funding murder! https://t.co/Jl9SkslSFL,8/20/19 23:54,1.16E+18,27690582
seminole_fl,jagesteban,It‚Äôs murder https://t.co/Un5AqHa5X7,8/24/19 12:38,1.17E+18,27690582
danville_va,yalss71,@jasontoddsmut And everyone in that situation just filming him getting stabbed really fucked me up in the head. Like NO ONE REALLY DIDNT DO SHIT,9/20/19 3:40,1.17E+18,854078797
seminole_fl,ryan_kyler_,@BrotherNature he gonna shoot his pee pee off,8/18/19 23:09,1.16E+18,1.03E+18
seminole_fl,TheBurkeShow,"I‚Äôm all for helping our fellow man, I just don‚Äôt think it should happen at gunpoint. Tax dollars cannot solve all the world‚Äôs ills. https://t.co/vJidUqZPUN",8/19/19 2:31,1.16E+18,3295633316
danville_va,JuniorMontanaa,@shmurda434 Yeah shooting ass tho,9/7/19 18:03,1.17E+18,278204089
danville_va,lainemobleyy,@KurtisMiller98 otw to catch my first murder charge,9/23/19 23:59,1.18E+18,1.08E+18
seminole_fl,diehlership,"@Stotttlemyer If you miss one, call the police to check on me",8/20/19 12:26,1.16E+18,232773149
seminole_fl,MrsBlunts,@doojimane I‚Äôll kill you,8/20/19 3:09,1.16E+18,3207568245
danville_va,PatrickHenryCC,"**THIS IS A DRILL** If you are on campus, please lock down until we give the all clear.",9/10/19 14:19,1.17E+18,18083272
seminole_fl,MichelleLong73,#AuroraTeagarden they are more concerned about the money than the MURDER!,8/12/19 1:31,1.16E+18,102548347
seminole_fl,hoodrichdavec,"@nowthisnews dude looks like a school shooter, weird ass fucking socks",8/20/19 21:31,1.16E+18,2886006232
fairfield_oh,briannnanicole4,Havent even been up for an hour &amp; im already about to kill someone,9/26/19 12:56,1.18E+18,2585835371
danville_va,donato_pacifico,@TheOnion If the Dems would just work with us I think we could bomb the Isaacasons.,9/17/19 11:43,1.17E+18,3989865934
danville_va,ttime72,@FuckTaj U gonna walk in the arena and ima be looking like this. That‚Äôs how u know u gonna instantly lose. I‚Äôll be like hold on babe I gotta burn this fool https://t.co/tSvGCQD7HL,8/30/19 21:37,1.17E+18,254658080
danville_va,ttime72,"If I ever murder anyone it‚Äôll be because of traffic related incident. Not even an actual accident. Example be if u cut me off and then we escalate and get out of our cars, and proceed run you over or pull with a rope tired to my card and by ur neck or some shit. Crazy inner rage",9/13/19 16:24,1.17E+18,254658080
danville_va,Bron_Gottii,It‚Äôs a active shooter in Danville ü§î,8/27/19 15:21,1.17E+18,9.38E+17
seminole_fl,AndyRobinette,@Katelynsaywut And Ted you know just raped and killed tons of women.,8/15/19 1:04,1.16E+18,533370436
seminole_fl,ehoffman81,@TheRealOJ32 Are you going to murder anyone with that golf club?,8/20/19 2:46,1.16E+18,68497445
danville_va,nayaalece,So this man followed me home today &amp; called the police on me ü§¶üèæ‚Äç‚ôÄÔ∏è,9/25/19 0:34,1.18E+18,1.17E+18
danville_va,AunistyN,im so sick of this shit. https://t.co/Wy7ovKKjMm,9/8/19 3:14,1.17E+18,1.10E+18
danville_va,iahn_walkerB,Watch out!  Andy might commit suicide by shooting himself in the back of his head! https://t.co/Edx3JXP1x3,9/21/19 12:54,1.18E+18,8.77E+17
danville_va,studtapmoney,My job is currently on lockdown because of the shooting on Keeling Drive. I hope they find him before he take more lives üòî,8/27/19 15:41,1.17E+18,285162268
seminole_fl,jjujulangkey,He was murdered. https://t.co/y7wieZcEsO,8/17/19 4:06,1.16E+18,1.07E+18
seminole_fl,jjujulangkey,If you ride with Uber your life is in danger https://t.co/vp3qOEgdZh,8/18/19 21:21,1.16E+18,1.07E+18
seminole_fl,jjujulangkey,#HongKongProtesters those damn #CHICOM will take you out . Be safe https://t.co/x4XyqrlY3F,8/14/19 1:38,1.16E+18,1.07E+18
seminole_fl,pebdog5,@mollyfprince That‚Äôs going to hurt Israel üòÇüòÇüòÇüòÇ,8/17/19 12:58,1.16E+18,39825369
seminole_fl,pebdog5,@TheBabylonBee I believe one already exists. It‚Äôs called the Police. Get off your ass and do your job.,8/21/19 12:24,1.16E+18,39825369
danville_va,pathagas,@rylrat Are Nakota and Truesdal dead??? Are they gonna kill the others too!?!?,9/5/19 16:26,1.17E+18,3121557487
seminole_fl,KimVarghese,"""Today's Code Red Drill has Concluded"" ... how comforting :( #EnoughIsEnough",8/20/19 14:13,1.16E+18,317105374
danville_va,kmoezz,‚ÄúPlease Mr Synder.. we hate you‚Äù https://t.co/3j87a3iedp,9/24/19 20:25,1.18E+18,169275662
seminole_fl,tcal1961,@RantyAmyCurtis But they don't strap bombs on them though.,8/26/19 12:21,1.17E+18,278264122
seminole_fl,tcal1961,"@PeterOteca @TamiDaBushPilot @shashigette I admit I‚Äôm a bit older, but I went to a Hifh School with 3,000 kids in the Chicago suburbs, and guys used to drive to school with their shotguns &amp; rifles in their gun racks. No problems. 

They also used to have shooting and archery classes too.",8/17/19 17:23,1.16E+18,278264122
danville_va,zmelot18,@PastorMarkFnd @AB84 PRIESTS RAPE KIDS so A pastor is not helping his caseüòÇüòÇüò≠üò≠üò≠ ‚ÄúMan Of God‚Äù ü§£ü§£,9/11/19 23:06,1.17E+18,7.02E+17
seminole_fl,ShannyGasm,@CondorDM How hard is it going to hurt when you discover how insanely wrong you are?,8/19/19 12:41,1.16E+18,1.03E+18
seminole_fl,ShannyGasm,@astroeric12 I'll let predictive text answer for me: I'd take you out for a while to get the best results from this article and I don't think I nerded anything else about how to use it like that in a couple hours or something.,8/12/19 0:55,1.16E+18,1.03E+18
seminole_fl,ShannyGasm,@Kyle8315 Take you out for doughnuts!!,8/12/19 0:45,1.16E+18,1.03E+18
seminole_fl,ShannyGasm,"@pleeztryharder @JacoFanboy @_SuzanneReed_ @SaxMike71 @CAsaysIMPEACH @BeckyBunzy @jlhbrain Yes, why? I'm literally going to a 90s themed party tomorrow night and have no idea what to wear besides plaid flannel. I blacked out that fashion part of my brain.",8/24/19 3:55,1.17E+18,1.03E+18
seminole_fl,borrupted_,please don't get it mistaken. i'll kill you all if i have to.,8/12/19 0:58,1.16E+18,599436722
danville_va,lillianbescher,i have been at the beach all week and next week is going to kill me,9/19/19 13:51,1.17E+18,8.16E+17
seminole_fl,potterhockey,"Sooo how do you end an already stressful day? Turning on the oven to find that your hubby put a dirty cookie sheet WITH PLASTIC ITEMS ON IT in the oven. Yep. I have melted scissors, spatula (MY FAVORITE ONE) &amp; a new knife. My house smells of melted plastic and we had pizza rolls. https://t.co/XDksfnCsyM",8/20/19 23:20,1.16E+18,2991484121
seminole_fl,LightingFlynn,"@BadDAart @OOCWesternR34 For a moment, I though that she was getting stabbed on her feet",8/14/19 18:06,1.16E+18,1697624562
danville_va,PapiDpump_,Check out my murder man dance https://t.co/wEgk2Vsrsx,9/7/19 14:49,1.17E+18,9.41E+17
danville_va,bobbyallenroach,Woahhhhhhh @keaneofficial is about to kill me in the best way via that new musicccccc. #LoveTooMuch #NothingCanTakeThatAwayFromMe,9/16/19 4:19,1.17E+18,7.21E+17
fairfield_oh,Coach_Reho,Workouts are Tuesday and Wednesday after school. Friday morning is shooting. üèÄ,9/29/19 20:09,1.18E+18,3428845415
fairfield_oh,Hellscr333m,@sliderwave He starts off on the right foot by mentioning the facts of the aurora shooting but when he derails on to John Wick.... I think he's making the wrong fucking point and picking the wrong fight and it all sounds like whining.,9/27/19 12:16,1.18E+18,71830151
danville_va,DaREALBRATt_,mfs shooting again üò≠ reason why I stayed my ass in the crib tonight.,9/22/19 4:48,1.18E+18,1.02E+18
danville_va,DaREALBRATt_,I HATE A FRIENDLY NIGGA ü§®,9/9/19 4:37,1.17E+18,1.02E+18
fairfield_oh,alliepaige8,Had a customer come in bleeding through the back of his shirt because he was shot earlier today?? Like??,9/14/19 2:48,1.17E+18,1291957837
danville_va,qinyogirlsmouth,they was shooting bird shots shut up. https://t.co/2tztf9ge8C,9/7/19 15:22,1.17E+18,1539605778
fairfield_oh,mmbrandenburg,i could kill this bitch tbh. https://t.co/t1o0FwVn1J,9/6/19 1:46,1.17E+18,301035807
seminole_fl,No_x_o_x_Os,if jisung touched his hair istg I‚Äôm actually going to die Chan hair better be black and never see bleach for months https://t.co/vovPmqReZ7,8/17/19 22:57,1.16E+18,1.14E+18
seminole_fl,No_x_o_x_Os,Because my hair is fading and I‚Äôm having a mental breakdown we‚Äôre going to the store after school and dying my hair over the weekend https://t.co/UHIZ6lkbvf,8/21/19 10:40,1.16E+18,1.14E+18
seminole_fl,TyChxbbs,@rage_beast12 @xannyhoes Itachi can‚Äôt even make a full susano and minato and teleport full nine tail tailed beast bombs,8/15/19 8:17,1.16E+18,600586411
seminole_fl,Dareeh17,Logging to my facebook and having an overdose of back to school pictures! üôÑ,8/12/19 18:00,1.16E+18,84879956
danville_va,chelsey_maria02,"‚Äúit does not matter it was in the past‚Äù ‚Äúi did not kill her intentionally‚Äù 
‚Äúkeep raping det lil hoe‚Äù 
what... you disgust me in every way possible nd i hope you get double of what they baby got. she was defenseless, innocent, and did not deserve that! p.o.s https://t.co/J2Pi35mBGr",9/10/19 2:56,1.17E+18,8.83E+17
seminole_fl,green_vitality,Bless his heart. üíñüíïüíñ #EPStrong #EnoughIsEnough #DoSomething https://t.co/phUY8nyAFg,8/14/19 1:20,1.16E+18,20920965
fairfield_oh,bthaf,"i went to open house for the school i‚Äôm student teaching at this year, was TERRIFIED the parents would judge me for my tattoos but 90% of them had tattoos or sleeves https://t.co/HLYBtynuC4",9/6/19 12:37,1.17E+18,1287184496
danville_va,hectorgarcia922,Sick of everything and everyone,8/30/19 20:27,1.17E+18,1.10E+18
danville_va,ihoop__24,üò≠ i used to be stephen when it came to shooting these üíØ https://t.co/H7rKOuZ9SB,9/19/19 1:02,1.17E+18,2170266057
seminole_fl,mattquinones02,I know my parents are getting old when they‚Äôre telling me stories about things that their Roomba vacuum does. ‚ÄúWe heard a bang and looked at each other: ‚ÄúTHE ROOMBA‚Äù‚Äù its like they have a little kid running around wreaking havoc üòÇ,8/18/19 14:05,1.16E+18,1.10E+18
seminole_fl,EXICUTlON,"he's not a school shooter, just one of our JROTC veterans !! https://t.co/ahJcMSa3ej",8/17/19 15:52,1.16E+18,7.41E+17
seminole_fl,EBOSS407,@SuckafreeKurt Ain‚Äôt nan nigga acting white until he shoot up a school üö´üß¢,8/18/19 13:56,1.16E+18,2702059089
fairfield_oh,KartzFM,@Twist3d_Drift3r @RSR_Andrew14 What if the person trying to kill you has an ar15,9/19/19 14:07,1.17E+18,1.07E+18
seminole_fl,AlanLunin,@KatelynTweeter How about when she is raped?,8/17/19 18:40,1.16E+18,1868151614
seminole_fl,JasonDiG_,@GundackerSports Gun I need u to play arena with check tonight and carry him to champs,8/15/19 2:05,1.16E+18,9.47E+17
danville_va,PtxTelless,Didn‚Äôt really realize when u mad u can come up with thousands of way to murder...,8/27/19 16:36,1.17E+18,8.43E+17
danville_va,kennedysara__,I‚Äôm watching the OJ series and I can‚Äôt believe he really got away with murder lol,9/17/19 16:01,1.17E+18,444804550
seminole_fl,Jenniarzatee,This random guy last night .... touch my ass when I was walking to the bar .. like RUDE ! oof,8/24/19 14:44,1.17E+18,1618711902
seminole_fl,Jenniarzatee,Sadness‚Äôs can really kill you,8/25/19 20:50,1.17E+18,1618711902
seminole_fl,therealsampilon,Hey @apkarthistory so remember this time last year when I got between a drive by shooting. Well just my luck!  not even a mile away from that location I got into a 3 way car accident today.,8/28/19 1:39,1.17E+18,9.94E+17
seminole_fl,mscaptdanvers,"@avngerfury Gamora was murdered by her abuser. it was so sad that scene yo, if she was gonna die she‚Äôs said she wanted it to be among her friends. we sad",8/27/19 11:50,1.17E+18,9.13E+17
seminole_fl,Damani_TR,Mother Nature count your days beloved,8/26/19 14:41,1.17E+18,894320071
seminole_fl,mthapps,the guy making my sandwhich at jersey mikes told me a i look like billie ellish ... and i‚Äôll be damned if my confidence level didn‚Äôt shoot up immediately,8/23/19 0:40,1.16E+18,1.11E+18
seminole_fl,BrandiStarBrite,"Right!? I mean they didn't even really tell us ANY DETAILS about his death. How? Who? What happened? When he felt comfortable with himself &amp; new lover, 12 mins later they kill him off! Ughh. Asshole or not, I like the actor playing Monty, &amp; wanted to see it play out after HS https://t.co/mtyhB8qfhv",8/26/19 7:21,1.17E+18,79869935
seminole_fl,BrandiStarBrite,"@SHO_TheAffair Ughh I wanted more Cole on screen üòáüòè he was the best. Smart, thinks ahead &amp; cares about those he loves. Helen needed to get mad like Cole did. She was so passive. That's why Noah think's he can get back w/her. Honestly, I kinda hope Noah's fate ends like Allison's. Kill him off",8/27/19 9:39,1.17E+18,79869935
seminole_fl,TitoLounge_,@XLGALAXY21 Finna get murdered for saying that LMAO üòÇüòÇ,8/25/19 1:56,1.17E+18,519929820
seminole_fl,CGator2005,"@AB84 Dear Drama Queen, 

Pittsburgh doesn't give a shit about you!! To be honest, Raider fans don't give a shit about you!! Do us ALL a favor &amp; GO AWAY! Please... GO AWAY! 

Thank you,

The World",8/22/19 10:29,1.16E+18,1.08E+18
seminole_fl,MunnRlmunn,@TheBabylonBee Brian needs help---,8/27/19 12:24,1.17E+18,2202025641
seminole_fl,RafaelV90,I‚Äôm done carrying all this pain inside me. Let‚Äôs create a new universe.,8/24/19 14:09,1.17E+18,7.35E+17
seminole_fl,boogledog,I‚Äôm going to kill the next libertarian I see with my bare hands üëäüêª,8/27/19 15:54,1.17E+18,7.64E+17
seminole_fl,Without_a_cause,Fr tho her situation is a recipe for a school shooter ü§¶üèæ‚Äç‚ôÇÔ∏è ‚ÄúIts just me and him and its always been like that‚Äù... jit a terrorist for sure https://t.co/oljhgzWun8,8/23/19 0:22,1.16E+18,391750120
seminole_fl,jbluft,What happened I blacked out ...,8/25/19 2:47,1.17E+18,13597232
seminole_fl,Mxkkie,We hate you too https://t.co/8gkBmLZV4X,8/23/19 23:42,1.17E+18,3293823686
seminole_fl,yipi_csgo,@ELEAGUETV @damnjoeshere @twin_csgo crimz when he gas bomb,8/27/19 6:31,1.17E+18,8.29E+17
seminole_fl,nosefetish,https://t.co/lKwzirU3K4,8/28/19 13:09,1.17E+18,1.01E+18
seminole_fl,AnOceanAbove,@anjunabae I‚Äôll take you out ü•∞,8/23/19 21:42,1.17E+18,2577006025
seminole_fl,_JeannieSays_,@JeanCal47217843 Nah. My throat is okay. It‚Äôs what‚Äôs between my ears that needs help. üòú,8/22/19 1:18,1.16E+18,37545615
seminole_fl,tabatha_sams,i HATE fighting with my bestie. i wanna tell him some shit sooooo bad but i told his dumbass to leave me alone and guess what this mf did.... HE LISTENED. never listened before but now he heard me üôÑü§¶üèº‚Äç‚ôÄÔ∏è,8/27/19 2:56,1.17E+18,622073833
seminole_fl,DelvonJohnson,shit I hope so...he was the only one shooting üòÇ https://t.co/emDmF4HzYg,8/24/19 16:52,1.17E+18,291180507
seminole_fl,JayceBrandt,@IllusionOG If it‚Äôs not @DARROZ I‚Äôm rioting,8/21/19 10:04,1.16E+18,1.08E+18
seminole_fl,NYI0515,@Fox35Amy @fox35orlando Mom is always right. You are going to break every bone in your body,8/28/19 11:47,1.17E+18,22701478
seminole_fl,owillis,Really identify with Batman here https://t.co/oktj73Lqyq,8/26/19 22:09,1.17E+18,3497941
seminole_fl,McProvolone,"@TheSphereHunter That‚Äôs me hugging the walls in an isometric shooter, looking for secrets!üòÇ",8/24/19 6:59,1.17E+18,1248739711
seminole_fl,Down_Air,If I see the same brawlhalla ad again I‚Äôm actually going to kill myself,8/24/19 18:13,1.17E+18,2260959283
seminole_fl,Timexdistance2,After that its safe to say that im definitely in an abusive relationship. Haha fml.,8/23/19 14:33,1.16E+18,2544386477
seminole_fl,deedeekokontis,Death penalty! https://t.co/ISwJKbLDnn,8/28/19 9:45,1.17E+18,8.95E+17
seminole_fl,Ranzaaa_,this drive to tally gon kill me man,8/27/19 3:20,1.17E+18,2271349045
seminole_fl,teresa82360646,@Ilhan Antifa is domestic terrorism!!!,8/22/19 22:55,1.16E+18,2436815207
seminole_fl,OfficialKidSyre,@rifIez Shots fired at half of the us lmao,8/25/19 19:14,1.17E+18,7.03E+17
seminole_fl,lexibaybeex3,Loving myself a lot more lately üß° #fuck12 https://t.co/qpZS1KpaKg,8/22/19 22:08,1.16E+18,519917259
seminole_fl,fiijiacee,This that ‚Äúima kill you an yo homies‚Äù look https://t.co/R55cMK2Fp7,8/28/19 5:34,1.17E+18,3648602903
seminole_fl,JonGaled,@spacecoast_stve No way!  They gonna keep the shot up the whole time?!,8/26/19 23:26,1.17E+18,36212230
seminole_fl,AlexisBradyknit,@_DishinDays @mlmattes1 @nbcdays @BrandonBarash @afterbuzztv Back off! If anyone is going to kill Gabi it‚Äôs going to be ME!,8/25/19 3:21,1.17E+18,2745456723
seminole_fl,JessicaLeigh001,"Dillon dropped his knife on my pants and stained them. I said, ‚Äúit‚Äôs okay, they‚Äôre just pants.‚Äù
He said, ‚Äúreally? You‚Äôre not gonna kill me?‚Äù

üòÇüòÇ boy, no üòÇ idgaf about my pants üòÇ",8/26/19 23:42,1.17E+18,296527715
seminole_fl,gamemaster12331,@TheRealOJ32 @Colts Watch out luck. He gonna kill you,8/25/19 1:51,1.17E+18,2897742947
seminole_fl,gamemaster12331,@TheRealOJ32 @Colts Watch out luck. He gonna kill you,8/25/19 1:51,1.17E+18,2897742947